size,wage,profit,log_wage
0.36896839281,0.346513793255,0.990517970577,0.767185712368
0.443007959231,0.350577703428,0.973219767926,0.770129497752
0.664648543213,0.354050667814,0.960058679517,0.772618301378
0.506119176365,0.358085635261,0.936443038243,0.775479371269
0.888406494869,0.362101656659,0.930524162948,0.77829517238
0.568000954204,0.365994021683,0.937421078975,0.780994627772
0.602356952276,0.369554722128,1.0156349701,0.783439039074
1.06107441361,0.373083286488,0.983169806379,0.785838264462
0.615675877969,0.376655112238,0.972659761783,0.788243904843
0.805419342469,0.380566743643,0.99966426325,0.790852373103
0.552086545554,0.383913860783,0.945798623352,0.793063196873
0.784109061359,0.387547518871,0.941966033713,0.795441570013
0.31692212933,0.390702569709,0.946203423393,0.797488657821
0.708088731629,0.394325543984,1.00307580634,0.79981905547
0.557687324564,0.398172554671,0.977052308446,0.802270237054
0.509124472419,0.401305230416,0.996872486678,0.804248837836
0.541568009365,0.404415237291,0.911967847481,0.806197901476
0.561580548998,0.4074790251,0.992905993829,0.808103398096
0.583232341023,0.410339966529,1.03821230564,0.809869844466
1.36665838055,0.413027148702,0.956823177603,0.811517824872
0.423610139246,0.415565434677,1.08200621924,0.813064673359
0.566020190895,0.417937297491,0.940133292701,0.814501586845
0.483442851594,0.420196919694,0.961384582113,0.815862938188
0.924060234418,0.422513790002,0.94245078223,0.817251199481
0.432352818676,0.424993398826,0.901581680989,0.818728564908
0.511719955375,0.427467205162,1.01066225387,0.820193908633
0.499562166793,0.430040028881,0.953768683434,0.821708935908
0.409198378624,0.432342563927,0.953801263697,0.823057135555
0.488360608773,0.434555794449,0.931073212592,0.824346294077
0.637532576544,0.436524963672,0.957062912395,0.825487784491
0.55154012809,0.438705286325,0.943038142484,0.826745684893
0.390415278286,0.441070954952,0.930143355358,0.828103465612
0.50646068728,0.443254801255,0.936892484294,0.829350440158
0.542387635562,0.445383699866,0.961464192162,0.830560139916
0.733497143722,0.447488902222,0.999165328331,0.831750702049
0.539997059155,0.449813082071,0.943960322619,0.833058615434
0.411793861579,0.451893748338,0.987667692745,0.834223773236
0.572440596102,0.453687880297,0.970851599621,0.835224174558
0.479208116245,0.455526257879,0.989741834287,0.836245151741
0.521077354452,0.457561128317,0.979941586336,0.837370461404
0.554408819778,0.45927022131,1.01820743895,0.838311751853
0.549695969148,0.460905853757,0.960329557134,0.839209309078
0.404758736726,0.462579645522,1.01298588521,0.84012451481
0.838955714344,0.464313908628,0.997130865727,0.841069298832
0.474290359066,0.466069458032,1.01877891143,0.842022091801
0.85657767757,0.467835709506,0.951015881173,0.8429770782
0.573328524481,0.469305023356,0.962785919886,0.843768771598
0.560624318435,0.4707283837,0.957102756249,0.844533344349
0.512129768473,0.472209699205,0.944673358921,0.845326597232
0.51834526713,0.473747461157,0.980172767189,0.846147449372
1.25915074444,0.475366481163,0.965104519499,0.847008802417
0.410291213552,0.47701294016,0.983205098933,0.847881750186
0.50803163749,0.478772819852,0.979562951477,0.848811507974
0.546212557812,0.480166278136,0.960159198199,0.849545261432
0.4306452641,0.48146355887,0.981392833858,0.850226459193
1.21454941891,0.483055090091,0.925734988344,0.851059664135
0.484808895255,0.484637658661,0.955031448875,0.851885459321
0.799203843812,0.486113176658,1.01250345266,0.852652969215
0.480369253357,0.487335659086,0.96572565511,0.853287096782
0.356332488947,0.488532101692,0.963445745051,0.853906178568
0.586852356724,0.489828967489,0.979597865521,0.854575512801
0.438090202052,0.491167969365,0.96951755408,0.855264737312
0.483647758143,0.492521962106,0.986633390999,0.855959770102
0.493961387783,0.493912404624,0.98629721167,0.856671527586
0.485901730183,0.495287534285,0.899871364473,0.857373478523
0.470465436815,0.496723530308,1.12264260852,0.858104422235
0.545802744714,0.498175805162,1.01584521123,0.858841506084
0.706586083602,0.499850250868,0.991086325839,0.859688687671
0.535557417257,0.501157880145,0.986654388244,0.860348308236
0.661301736244,0.502430156741,0.946794172147,0.860988445641
0.511788257558,0.503815463991,0.963068432771,0.861683612865
0.460015202809,0.505127639324,1.07692294488,0.862340320928
0.658501346739,0.506315051229,0.967009804392,0.862933119608
0.516159597272,0.507615609969,1.02299919638,0.863580812101
0.820514124922,0.508943395254,0.983025600655,0.864240354039
0.450862710281,0.510179871036,0.959129571852,0.864852994988
0.761159527856,0.511569843844,0.994596326069,0.865539919409
0.784382270091,0.512960721216,0.979695323742,0.866225425154
0.557004302734,0.514243472496,0.97558371452,0.866855994434
0.374295963088,0.515406585656,1.00488493879,0.867426394301
0.87857098051,0.516741141062,0.956023775147,0.868079287133
0.627014040355,0.518022981139,1.05654125813,0.868704804851
0.603654693753,0.519311692582,0.945902412359,0.869332117324
0.464113333792,0.52057552105,0.97467281245,0.869945807285
1.00773040865,0.521953213365,1.07803383545,0.870613092289
0.591496905171,0.523216338098,1.02159635435,0.871223340635
0.67783086454,0.524486206396,0.957114698705,0.871835363723
0.590472372426,0.525776589208,1.01666306064,0.872455757905
0.678650490737,0.527077302306,1.0077924726,0.873079579691
0.689988653122,0.528301246974,0.957081357201,0.873665179095
0.455848769644,0.529414844804,0.980981867892,0.874196805245
1.20027426265,0.530636361258,1.09259805231,0.874778666686
0.646206953791,0.531887701764,0.9913748312,0.87537334738
0.680631254045,0.533046904553,1.02957183893,0.875922993996
0.532210610288,0.534142914009,0.970892776944,0.876441578686
0.562946592658,0.535338901844,0.970524012467,0.87700625614
0.641835614076,0.536652924479,0.917246589209,0.877625210319
0.531732495007,0.537982040883,1.07557623983,0.878249734391
0.41315990524,0.539174866893,0.974391310614,0.878808906134
0.606113572343,0.540250813288,1.00054603064,0.879312227009
0.871399251291,0.541387284137,0.995601107824,0.879842773436
0.451818940844,0.542652412189,0.981224536155,0.880432073389
0.555160143791,0.543701399261,0.961370389366,0.880919653395
0.567864349838,0.544854734832,0.982359328676,0.881454651113
0.933759144411,0.546062080338,0.973934646478,0.882013490518
0.311457954686,0.547031616823,0.96866191019,0.882461362392
0.620661937332,0.548021812221,1.03226692201,0.882917958939
0.661506642793,0.549176590116,0.953505659389,0.883449406435
0.65740851181,0.550528084933,0.955439568911,0.884069968812
0.816689202671,0.551743352426,0.971110008701,0.884626680595
0.771336553129,0.552888382607,0.9373564485,0.885150095979
1.69013751945,0.55399498957,0.94998409728,0.885654918347
0.668883278562,0.555131780751,0.946718053381,0.886172461503
1.27363080724,0.556288649931,1.00466050637,0.886698058581
0.404963643275,0.557308003821,0.98824333672,0.887160273648
0.462132570484,0.55830463407,0.933075984378,0.887611368286
0.539314037325,0.559453884996,0.94016528109,0.888130543484
0.833559841883,0.560559547561,0.983140191956,0.888629021976
0.474426963432,0.561643764492,0.958986204708,0.889116878014
0.405851571655,0.562603951604,0.965291504085,0.889548139697
1.27882177316,0.563582472318,0.988227663819,0.889986879216
0.460151807175,0.564650212908,1.01310143329,0.890464754001
0.707610616348,0.56572385557,0.95250597635,0.890944360009
0.562400175194,0.566802953832,1.0653602984,0.891425486802
0.900974096549,0.567966163258,0.989425106363,0.891943090615
0.909102056331,0.569009064025,0.994232625917,0.892406259116
0.768945976723,0.570175357267,0.999700145115,0.89292322369
0.74039566421,0.571178266352,1.05969055397,0.893366922603
0.584188571586,0.572216833511,0.993267636531,0.893825576712
0.768945976723,0.573258401499,1.00120011728,0.894284720749
0.476271122374,0.57422617201,1.0031947473,0.894710586331
0.48112057737,0.575185947505,0.987502971082,0.895132225448
1.05369777784,0.57619683003,0.929136462884,0.895575556327
0.553452589215,0.577237898433,1.0112544818,0.896031313245
0.611031329522,0.578127519602,0.97669385403,0.89642011905
0.509192774602,0.579071398008,1.02321353404,0.896831984193
2.62068646126,0.580068481369,1.00325800103,0.897266337006
0.604269413401,0.5809752461,0.971673808578,0.897660697172
0.663350801735,0.581807919577,0.976307748255,0.898022292641
0.801457815852,0.582761067689,0.972443637678,0.898435570537
0.996938663728,0.58370643821,0.998986695081,0.898844808973
0.43447018635,0.584769259301,0.992152819923,0.899304099522
0.891001977824,0.585729434795,0.984887379829,0.899718315352
0.60693319854,0.586647892466,0.943044300959,0.900113899366
0.714440834653,0.587686434729,0.971045952443,0.900560458978
0.523399628675,0.588752854158,0.954181332468,0.901018184952
0.767033515597,0.58958197245,0.99698691644,0.90137348459
0.50331878686,0.590700674013,0.951252858675,0.901852087421
0.606591687624,0.591835335734,0.925465966742,0.902336593324
0.558506950761,0.592794410814,0.97443912358,0.902745399056
0.6953162234,0.593648586357,0.967444869928,0.903108934902
0.499903677708,0.594521420812,1.09333685271,0.903479872012
0.655427748502,0.595373241169,0.953255112589,0.903841353851
0.558165439845,0.596321396751,1.0084227031,0.904243109158
0.666629306521,0.597294109999,0.97800342007,0.904654606832
0.765872378486,0.598261133623,0.991252542223,0.905063033828
0.465137866538,0.599226180484,0.944826825574,0.905469968303
0.551062012809,0.60014267633,0.968926689916,0.905855823832
0.697843404173,0.6010809481,0.954673269546,0.906250237343
0.925972695544,0.602099736015,0.978260480749,0.906677800177
0.629609523311,0.603007913193,0.994412326781,0.907058332658
1.12910338792,0.603964989933,0.94612885204,0.907458734662
0.669771206941,0.604888884946,0.982265667664,0.907844653351
0.565610377797,0.605858665415,0.975947797374,0.908249105211
0.428664500792,0.606789116441,0.993260477465,0.908636546444
0.675713496866,0.60772300481,0.964950277226,0.909024822052
0.603654693753,0.608596911464,0.923201719268,0.909387619491
0.654744726671,0.609495951717,0.969631914413,0.909760307763
0.702419650437,0.610407572876,0.976604195585,0.910137650419
1.17855416844,0.611370827207,0.924480767416,0.910535753489
0.607821126919,0.612272096504,0.970379004684,0.910907671201
0.568615673851,0.613226632167,0.985926737862,0.911300973325
0.574694568142,0.614261044971,0.92864922397,0.911726497031
0.574216452861,0.615233723364,0.982390479535,0.912125972011
0.547646903656,0.616152566097,0.985395222238,0.912502757234
0.447720809861,0.617164225385,1.02214657461,0.912916953935
0.678582188554,0.618238261408,0.970719469447,0.913355946734
0.752348546243,0.619361988694,0.980251498284,0.913814434305
0.486994565112,0.620415015598,0.966305885048,0.914243321327
0.647709601818,0.621379835074,0.960662412997,0.914635643816
0.506187478548,0.622430843721,0.979647418876,0.915062320608
0.557209209283,0.623272858274,0.992892757386,0.915403632813
0.753236474622,0.624150892726,0.935296452821,0.915759054996
0.490136465532,0.625112704734,0.992043489255,0.916147816368
0.569093789133,0.62590259151,1.00081631342,0.916466639035
0.513973927415,0.626772431775,0.949309484898,0.916817268225
0.835335698643,0.627620054624,1.00285837243,0.917158473854
0.592521437917,0.628662950412,1.03162080857,0.917577653743
0.624623463948,0.629658496844,1.00462818637,0.91797715387
0.635483511052,0.630643942037,1.00041612439,0.918371978918
0.692310927346,0.631592235378,0.952389710958,0.918751336763
0.540406872254,0.632527446569,0.993188036516,0.919124903751
0.498059518766,0.633487894262,0.978712255713,0.919507976927
0.651876034983,0.634279542032,0.942084786227,0.919823288105
0.50646068728,0.635118192271,0.94158039973,0.920156891245
0.808219731974,0.636190859,1.03114001868,0.920582941357
0.562195268645,0.6371749183,0.953711620809,0.92097316636
0.741693405688,0.6381034158,0.968429259521,0.921340806349
0.520735843537,0.639148092501,0.959315484071,0.921753808669
0.459263878796,0.640234508601,0.975281094714,0.922182596811
0.757881023069,0.641272154599,0.963564597155,0.922591457496
0.606523385441,0.642335954942,1.0168990027,0.923009937473
0.755900259761,0.643284787703,1.00290372484,0.92338260692
0.963265687486,0.644281381437,1.04053751713,0.923773443849
0.957938117209,0.645198685582,1.00227250831,0.924132651605
2.10070194174,0.646129755695,0.939293310123,0.924496728111
0.733975259004,0.647068744477,1.03486439804,0.924863370098
0.537811389298,0.648030805447,0.931053234956,0.925238469554
1.3269748122,0.648989600029,0.963928313668,0.925611741844
0.518550173679,0.64986272826,0.986629742696,0.925951183571
0.683295039184,0.650855038179,0.997602719525,0.926336405724
0.833218330968,0.651742709142,1.00513062135,0.92668050889
0.576607029267,0.652652185904,0.95087458387,0.927032579276
0.802960463879,0.653766255104,0.964025385658,0.927463182107
0.54839822767,0.654835842996,1.00523123929,0.927875902447
0.503113880311,0.655812156242,0.953244478489,0.928252042951
0.607821126919,0.656765239623,0.989730677669,0.928618694026
0.617998152193,0.657608167038,1.03074057019,0.928942524999
0.810473704014,0.658636918435,0.997769159356,0.929337182783
0.542524239928,0.659707560268,0.976549828415,0.929747256854
0.687188263618,0.660632766484,0.981679950896,0.930101090913
0.760886319123,0.661529924579,1.01031549416,0.930443725388
0.506938802561,0.662514246121,0.978414608578,0.930819114357
0.975423476068,0.663475130328,1.02183602111,0.93118502749
0.74599644322,0.664491690859,0.996557223549,0.931571566218
0.906916386474,0.66551542317,0.938158002268,0.931960234806
0.861632039115,0.666476114846,1.01110761611,0.93232442609
1.44684514345,0.667518623913,0.958665424123,0.932719040302
0.630087638592,0.668620779425,0.961442709886,0.933135562463
2.2205039708,0.669531580668,0.942288764951,0.933479250984
0.597849008195,0.670450179417,0.956754798007,0.93382540864
0.566430003994,0.671402666948,0.977054985067,0.934183836195
0.436382647476,0.67234956278,0.966278196391,0.934539655895
0.481188879553,0.673274461942,0.991055189024,0.934886726339
1.24774427987,0.674221231633,0.984486225662,0.93524151027
0.874814360443,0.675352814518,0.951828217927,0.935664896437
1.24719786241,0.676468490356,0.997017310084,0.936081636976
0.914361324426,0.677466431807,0.995233706121,0.93645381803
0.83506248991,0.67848563964,1.00177653394,0.936833364892
0.961080017629,0.679461976122,0.996864783589,0.937196412421
0.693472064458,0.68044060306,0.981767629124,0.937559788516
0.669224789477,0.68152363493,1.00655326332,0.937961322709
0.627287249087,0.682413629543,0.950963565576,0.938290810976
0.509534285517,0.683365182634,0.968845570625,0.938642614053
0.632683121548,0.684413978835,0.982305476134,0.939029802257
0.631043869155,0.685417432317,0.977120272649,0.939399696108
0.792851740789,0.686506724765,1.03433122735,0.939800619494
1.15574123931,0.687469374947,0.989186482028,0.940154401956
0.571142854624,0.68854872217,1.00260180056,0.940550482977
1.23333251925,0.689741246106,0.96548078867,0.940987374409
1.28852068315,0.69081194769,1.04823855933,0.941378992095
0.810268797465,0.691808881674,0.972700835144,0.941743083386
1.14262722016,0.692776325215,0.97789410823,0.942095903164
0.777210540871,0.693692333094,1.0134429972,0.94242951091
0.585964428345,0.69485042219,1.07015597442,0.942850654045
0.751665524412,0.695996189301,0.990910387291,0.943266626069
0.855484842641,0.697143252676,1.00764359891,0.943682383321
0.606523385441,0.698211140984,0.984676235235,0.944068828863
0.982595205288,0.699308669112,1.01452624688,0.94446538501
1.39882870877,0.700360356598,1.01872432421,0.944844794636
0.54593934908,0.701605567646,1.00621469762,0.945293284396
0.53651364782,0.702779829349,0.990833927063,0.945715491565
0.561990362096,0.703927893554,1.01026093072,0.94612759792
0.674142546656,0.704965430009,0.993921343467,0.946499451735
0.827276041043,0.7060411374,0.999826980959,0.946884408638
0.788412098891,0.707071585061,0.931549391689,0.947252619095
0.789026818538,0.708001033598,1.01125652512,0.947584279474
0.637942389642,0.709076344309,0.982184793852,0.947967445858
0.875497382273,0.710108894874,1.02091473242,0.948334829005
0.675235381585,0.711171196463,0.961593720317,0.948712240522
0.967295516286,0.712294032463,1.01241308851,0.94911054617
0.836291929205,0.713425859331,1.01058529289,0.949511406234
0.836360231388,0.714580967516,0.982028000638,0.949919856687
0.788480401074,0.715664454157,0.994258554397,0.950302381832
0.698731332552,0.716750423784,1.01906673599,0.950685202916
0.492185531024,0.717874549411,0.990638923891,0.951080864113
0.869555092348,0.718880769697,1.01313642727,0.951434500737
0.698936239101,0.719954297836,0.965243260055,0.951811247395
0.865593565732,0.721094373663,1.03750696705,0.952210733878
0.733155632807,0.722251149897,1.01871749783,0.952615427212
0.911697539287,0.7234829734,0.993798412146,0.953045663531
0.535694021623,0.724607487408,0.91930655083,0.953437780985
0.642928449004,0.725723242914,0.960624264805,0.953826243381
0.604952435231,0.726849898,1.04926738578,0.954217895039
0.692720740444,0.728056300767,0.979227255914,0.954636596368
0.726871831967,0.729198987381,1.00475204244,0.955032544683
1.34555300599,0.730498610022,1.03150092999,0.955482118904
0.903979392603,0.731670246001,1.03252250187,0.955886734085
0.783494341711,0.732903071992,0.999200792717,0.956311781791
0.905618644996,0.734148025779,1.02084459754,0.956740285913
0.574489661593,0.735384255919,0.988474239641,0.957165068992
0.808219731974,0.73650516163,1.05117669348,0.957549608435
0.797632893602,0.737605813408,0.994928157588,0.957926630485
0.836974951036,0.738849965536,1.01526958254,0.958352130966
0.897080872116,0.740223603081,0.990099137548,0.958821084066
0.874541151711,0.741435134477,0.958948257175,0.959233973238
0.862110154396,0.742801351279,0.99430816053,0.959698770489
0.826183206115,0.744024554038,1.00007625611,0.960114188518
0.689169026926,0.745228556807,0.971467637248,0.960522419512
0.908692243233,0.746466806862,0.948766981415,0.960941575067
0.84469309772,0.747572703452,1.00866533937,0.96131534075
0.576197216169,0.748809297077,0.996200014528,0.961732624562
0.71348460409,0.750062055009,1.05113791925,0.962154660868
0.80589745775,0.751173317571,0.985463130745,0.962528439856
1.14686195551,0.752353697114,0.976193924252,0.962924861572
1.03914941285,0.753586365429,1.00552348332,0.963338180746
0.828368875972,0.754754142488,0.972347848356,0.963729118435
0.947009767922,0.756088052251,1.01271158792,0.964174933119
1.27759233386,0.757732323698,1.00646540984,0.964723394748
0.811634841126,0.759079154616,0.943538681911,0.965171756435
0.888064983954,0.7604925465,0.972842665647,0.965641421689
0.726871831967,0.76174951024,1.03946718989,0.96605837367
0.576538727084,0.762879003499,0.996152277184,0.966432455483
0.790597768748,0.76408711249,0.997279415899,0.966831961861
0.605089039597,0.765446438009,1.00554667983,0.96728071912
0.789231725087,0.7668224324,1.01212852215,0.967734168394
0.626740831623,0.768084881614,0.97196910149,0.968149484496
0.664648543213,0.769550982188,0.983874077731,0.968630941274
1.09467908767,0.771045590633,0.974787933285,0.969120816583
0.707474011982,0.772635749241,1.1005541805,0.969640968081
0.58698896109,0.774014107116,1.01578140954,0.970090972741
1.37963579533,0.775526926341,0.98679052558,0.970583954672
0.877409843398,0.776926817816,0.993088849687,0.971039280963
1.670193282,0.778452116703,0.938005124587,0.971534464035
0.59101878989,0.779713052225,0.972651684154,0.971943090407
1.10000665794,0.781148342855,1.01104194422,0.972407415915
0.637805785276,0.782452624415,1.03608145718,0.972828619864
0.954727914606,0.783612421395,1.03905034215,0.973202574711
0.817440526685,0.785139267169,0.955420192564,0.973694034525
0.612670581915,0.786714946116,1.04179641595,0.974200211661
1.133611332,0.788327717162,1.03699659439,0.974717255607
0.555774863439,0.789747361325,0.989308214886,0.975171509719
2.35874758928,0.791010985643,1.00665636318,0.975575154641
0.751255711314,0.792373014895,1.00598364536,0.976009512016
0.933007820397,0.793849054054,1.00521646661,0.976479385488
0.663077593003,0.795135136452,1.01878892762,0.97688807757
0.875292475724,0.796509794744,1.01657042098,0.977324187106
0.706176270504,0.798068592371,0.992526181226,0.977817805018
0.797018173954,0.799756508611,1.03714273204,0.978351224316
0.600034678052,0.801386355168,1.04187889913,0.978865224998
1.63365161407,0.802628757919,1.02609622399,0.979256336822
0.613695114661,0.8040613083,1.02841995931,0.97970655686
1.05335626692,0.805577930013,1.00935040835,0.98018232544
0.844010075889,0.806903718617,1.01206993707,0.980597495961
0.677489353625,0.808205190221,0.95173159755,0.981004388651
0.767579933062,0.809577893327,0.982679551316,0.981432841802
0.877683052131,0.811142465225,0.963139654512,0.981920296749
1.29589731892,0.812398819837,1.01293182682,0.98231104397
1.13142566214,0.813670903902,0.985517625647,0.98270606812
0.847766695957,0.814883039446,0.986631531045,0.983081902087
0.964836637696,0.816219113524,0.994733685776,0.983495517186
1.47819584546,0.817656543571,0.975040888606,0.983939754197
0.945575422078,0.819302313772,1.00340747499,0.984447420674
0.700165678396,0.820798382797,0.976099902371,0.984908025144
0.556116374354,0.822327563839,0.974267092415,0.985377957218
0.966475890089,0.824035916584,0.995915913995,0.985901918132
0.688486005096,0.825770843591,1.03761100815,0.986432918961
1.02303009765,0.827341222955,1.01985063265,0.986912596435
1.01428741822,0.828745051358,1.03783474025,0.987340630251
1.58447404228,0.830316018274,1.02965882502,0.98781876654
0.847356882859,0.831909202607,1.0424444901,0.988302741845
1.43864888148,0.833506169511,1.03334342978,0.988786936944
1.05390268439,0.834967934817,1.04751575792,0.989229326841
0.925836091178,0.836556103385,0.99906925163,0.989709094546
0.739029620549,0.838315783907,0.996326925869,0.990239611544
0.800364980924,0.839747675368,0.997215092443,0.990670484002
0.830417941463,0.841314645605,1.10403157975,0.991141162078
0.741488499139,0.843026058929,1.08477723842,0.991654226646
0.862110154396,0.844669233281,1.06820056053,0.992145854698
0.973784223675,0.846178454167,0.994402073065,0.992596562779
0.699550958749,0.847655529009,1.05987667548,0.993036893188
1.17698321823,0.849099226274,0.959528339444,0.993466532561
0.838136088148,0.850663456263,1.01214809701,0.993931218306
0.69620415178,0.852167636488,1.03168007299,0.994377259865
0.920576823083,0.853710528727,0.976216209815,0.994833963652
1.05280984946,0.855270919714,1.00468725015,0.995295008439
1.19658594477,0.856944777869,0.9767238444,0.995788644896
1.07090992797,0.858712018554,0.999185132691,0.99630877543
1.0715929498,0.860790382748,1.08403488557,0.996919107213
0.738346598718,0.862625907219,1.03162007208,0.997456902583
0.952064129467,0.86426350149,1.02133590169,0.997935740822
1.09399606583,0.865913130611,1.01139775095,0.998417181646
0.852206337855,0.867525959748,1.00042369612,0.998886996571
0.680836160594,0.869133960672,0.944770295371,0.999354536328
0.985532199159,0.870781199752,1.03119476518,0.99983258884
1.12630299842,0.872484687769,1.0432585605,1.00032601537
0.856850886302,0.874208293619,1.02036049653,1.00082428961
1.12138524124,0.8760336488,0.998080411954,1.00135090842
1.20580673948,0.877865018916,1.03728650014,1.00187816097
1.27253797231,0.879846234607,1.01835097397,1.00244731697
0.879732117622,0.881587320946,0.969846821648,1.00294643252
1.53037871331,0.883410488577,1.07816233415,1.0034680228
0.74107868604,0.885383139956,1.02911999636,1.00403116784
0.764574637008,0.887203796384,1.0160498672,1.00454980965
0.958211325941,0.888980617147,1.03081933312,1.00505493902
1.54622481978,0.890842928328,1.01693156901,1.00558328982
0.928158365401,0.892425984865,1.02963043668,1.00603154633
1.34876320859,0.893949921097,0.989583644263,1.00646231188
0.981092557261,0.895868980799,0.997640157328,1.00700372213
1.33920090297,0.89785305458,1.02251297691,1.00756225631
0.627014040355,0.899617440494,0.961926060894,1.00805791059
1.25061297156,0.901274490358,0.967598173889,1.00852252745
0.869691696714,0.903056844729,0.958264283483,1.00902132557
0.920440218717,0.904978133476,1.03468541413,1.0095579036
1.22096982412,0.906944066186,1.00461527527,1.01010577191
0.656793792163,0.908682234685,1.06243052828,1.01058917838
1.59683673741,0.910493062072,0.999571138106,1.01109180971
0.689783746573,0.912421328409,1.01549656809,1.01162594075
1.09911872956,0.914275608059,0.98339673655,1.01213851383
1.06134762234,0.916336951513,1.00356767461,1.01270710618
0.816074483024,0.918431599517,1.07163203559,1.01328357638
0.759930088561,0.920412189482,1.01233997297,1.01382744852
0.929387804696,0.922540586848,0.992375861503,1.01441060568
1.30921624461,0.924799501997,1.08096821442,1.0150280534
0.758768951449,0.926914938373,0.975826347752,1.01560491689
1.80099196254,0.929095800445,1.00059720086,1.01619824486
1.25279864141,0.931362617665,1.02737696077,1.01681348358
0.985532199159,0.933322791041,0.986503715045,1.01734428978
1.09952854266,0.935112697276,1.13064605141,1.01782801554
1.81786260175,0.937049713817,1.04643667387,1.01835045608
0.820992240203,0.939305395772,1.05336913445,1.0189574858
0.810542006197,0.941554470261,0.967490242447,1.01956128775
0.854255403346,0.943776799534,0.97650969248,1.0201564945
1.18128625577,0.946078089767,0.992165614795,1.02077137407
1.01906857103,0.948132352727,1.02537028743,1.02131898851
0.883010622408,0.950151256367,0.959163241711,1.02185602224
0.966885703188,0.952129610648,1.04152785721,1.02238116392
1.45729537745,0.953869892009,0.974175827878,1.02284220935
0.79018795565,0.955956247901,0.971166845597,1.02339383143
0.989220517043,0.957790580671,1.03948335927,1.02387782622
0.933144424763,0.959707844524,0.967531760439,1.02438271291
1.26884965443,0.961860039389,1.01458586617,1.02494826544
0.893938971695,0.964066677384,1.04918951764,1.02552681216
0.910673006542,0.966217092997,1.03448877696,1.02608934558
1.644443359,0.968607068666,1.03137271074,1.02671307914
1.09256171999,0.970583965687,1.00704373059,1.02722784592
1.00076358598,0.972955221033,1.01844771302,1.02784391888
0.965656263893,0.975164939523,0.989996664282,1.02841667311
0.908692243233,0.977072195082,1.03807785572,1.02890998703
0.967500422835,0.979312190737,0.995717295854,1.02948813644
0.783835852627,0.981525183915,1.02488711478,1.03005801929
1.14508609875,0.983508932384,1.05836195261,1.03056777673
0.945233911162,0.985567177086,1.00559471009,1.03109559154
0.645387327594,0.987668966995,0.991397612556,1.03163343676
1.00977947414,0.990172939293,1.01374322617,1.03227270788
1.37335199449,0.992432007138,1.00882308552,1.03284806857
1.40108268081,0.994657959646,0.993352201937,1.03341371553
0.760476506025,0.99694721669,0.959269922468,1.03399413024
0.966817401005,0.999609836218,1.02871967928,1.03466753248
1.06339668783,1.00224610223,0.943957906286,1.03533250481
1.03204598581,1.00497972588,1.09564068579,1.03602018998
0.722158981337,1.00757593216,1.01867060515,1.03667157602
0.860334297637,1.01009272271,1.03789625867,1.03730143651
1.10717838716,1.01292538033,0.986782473625,1.03800847248
0.817986944149,1.01530034024,0.997196632253,1.0385997442
0.857397303766,1.01795106766,1.00231064318,1.03925804009
0.986829940637,1.02049266981,0.967018266425,1.03988762741
0.904457507884,1.02306911013,1.01765100011,1.04052424621
0.70248795262,1.02568492304,0.949290535193,1.04116895561
0.894690295709,1.02835327036,1.07803323084,1.04182492111
2.45717103505,1.03123588481,1.06028352954,1.0425316505
0.888269890503,1.03376642971,0.989466384568,1.04315043672
1.25812621169,1.03616657467,1.00649224924,1.04373593859
1.27643119675,1.03871384653,1.01662058679,1.04435584961
0.809722380001,1.04143842122,1.00953339105,1.04501722914
1.16482542965,1.04406867562,1.03194731267,1.04565407337
1.11728711025,1.04696239546,1.00160981952,1.04635285774
1.37307878576,1.04972042573,1.01953557125,1.04701708005
2.21708886165,1.05240514649,1.05998331416,1.04766197297
0.825226975552,1.05491266402,1.0223128112,1.04826281604
1.30655245947,1.05726286045,0.9848254958,1.04882466715
1.63399312499,1.05983328085,1.00289257792,1.04943773805
1.28735954604,1.06243345061,1.01295870216,1.05005639353
0.928841387232,1.06520438711,0.974381397556,1.05071401506
1.0147655335,1.06790837757,0.976675500876,1.05135410129
1.19351234653,1.07089100691,1.03146119266,1.05205826952
2.99655337456,1.07334363649,0.991236465088,1.05263584234
0.914976044073,1.07633603512,0.996409932741,1.05333874128
0.980955952895,1.07939809347,1.00436290334,1.05405598288
0.985532199159,1.08222999591,1.05563322999,1.05471750515
1.31010417299,1.08501644941,1.0386016233,1.05536672329
1.49083174933,1.08760428557,0.997155076292,1.05596817391
1.29979054335,1.09027693994,1.03038062351,1.05658783715
0.651534524068,1.0929452491,0.935788931354,1.05720497948
1.16817223662,1.09590397969,1.00044717846,1.05788753306
1.00895984794,1.09904712514,1.00938941611,1.05861061387
0.926314206459,1.10233294106,1.02517504681,1.05936430852
1.18989233083,1.10564681673,0.993617510478,1.06012216743
1.45490480105,1.10895159198,0.982730179685,1.06087568638
0.904935623166,1.11246097128,1.02810485332,1.06167340248
1.58201516369,1.11551175827,1.03570463771,1.06236483403
1.73542186681,1.11837176858,1.08326386204,1.06301131273
0.88574270973,1.12182020185,1.02739653439,1.0637886041
1.0196149885,1.12493738549,0.997327908399,1.06448917704
1.07050011487,1.12830672503,1.00541239956,1.06524424104
1.06298687473,1.13176600311,1.03067894072,1.06601711791
1.63822786034,1.13513562978,0.996937697779,1.0667676968
1.25819451388,1.13837582415,1.01784524591,1.06748734645
1.11209614434,1.14161331645,1.01055806834,1.06820435307
1.51357637628,1.14480079714,0.98596765119,1.06890829991
0.845239515184,1.14765683567,1.01427491897,1.0695373857
0.949468646511,1.1508741703,0.987277561533,1.07024418004
1.0590936503,1.15407183025,1.00679454405,1.07094469709
1.52361679719,1.15687606797,1.02695684256,1.07155743083
1.31959817643,1.16006323497,1.03387826538,1.07225203494
1.00212962964,1.16322471568,1.01423765639,1.07293915824
1.46043727787,1.16637373831,1.0353354931,1.07362171989
1.0083451283,1.1696622563,1.02713559263,1.07433255339
1.32909217988,1.17379614985,1.04376171985,1.0752232902
0.927748552303,1.17715781304,0.991418174311,1.07594532359
1.99100863577,1.18054350112,1.03077373163,1.07667043605
0.963060780937,1.18377214362,1.00427731016,1.07735997957
0.954181497141,1.18705760934,1.02298565574,1.07805973094
0.968183444666,1.19105428303,0.975621268568,1.07890835185
1.52006508367,1.19461407725,1.00230416325,1.07966181506
1.05533703023,1.19837830291,0.991162214683,1.08045610965
1.64157466731,1.20182854697,1.01831868869,1.08118196212
2.27801440892,1.20554539673,1.00308974493,1.08196157446
0.951449409819,1.20928785144,0.966460482782,1.08274413269
1.55121087914,1.21325551768,0.985103316802,1.0835711429
1.54342443027,1.21685126209,0.958632841383,1.08431829786
1.05212682763,1.22037234098,0.972229658662,1.08504780171
2.92627042821,1.22393515428,0.97271408046,1.08578381295
1.37143953336,1.22769270443,1.02032114915,1.08655773547
1.12254637835,1.23156517569,1.03417038491,1.08735285313
1.553396549,1.23551915894,1.02966286064,1.08816213184
1.62436251718,1.23931399704,0.999362423188,1.08893640566
0.943594658769,1.24290569996,0.987407299614,1.08966705232
1.13210868397,1.24651620951,0.994854304961,1.09039939982
1.07371031747,1.25050595042,0.960517360511,1.09120620667
1.74983362743,1.25433806319,1.0007456309,1.09197871798
1.37219085738,1.25846777914,1.00421938846,1.09280858508
1.88527685641,1.2627856726,1.09467553709,1.09367335933
1.77005107362,1.26705224824,0.985037586907,1.09452495623
0.864022615522,1.2714525483,1.04334463084,1.09540024559
0.826866227945,1.27539468094,0.99128834292,1.09618182948
1.56323206336,1.27988289797,1.04052273783,1.09706874677
1.16735261043,1.28380085136,1.03174932029,1.09784043533
1.3144755127,1.28809804773,1.02173904038,1.09868411701
3.44734778266,1.29242445405,0.995836430272,1.099530695
1.92591665533,1.29715924525,0.980929156247,1.10045394278
1.3543639876,1.30202183223,0.972931972574,1.10139860873
1.52006508367,1.30763036742,1.0106814356,1.10248382026
1.9244140073,1.31234266734,0.994877577175,1.1033920244
1.82715169864,1.31656415587,1.0306249032,1.10420286914
2.46386464899,1.32020869694,1.01205466968,1.1049008079
1.23251289305,1.32508637769,0.942290825009,1.10583188716
1.26584435838,1.33018495627,1.00321560013,1.1068014761
1.27151343957,1.33431966475,0.951815616787,1.10758504226
0.963060780937,1.33904432317,1.06838297191,1.10847744252
1.56767170525,1.34383008198,1.13406596325,1.10937817917
2.04640170622,1.34945175077,1.00685114983,1.11043215583
1.22684381186,1.35529069582,1.00543540923,1.11152223002
1.35443228979,1.35997748703,0.981564447342,1.11239381596
1.28968182026,1.36476318443,1.08934978044,1.11328070118
1.22663890531,1.36958864944,0.988396172373,1.11417181286
1.98458823056,1.37459190026,1.0192761006,1.11509244681
2.56303941877,1.38010456496,1.02646546748,1.11610294447
1.50681446016,1.38529440158,0.999725155052,1.11705058431
1.72196633675,1.3904952158,1.0350611675,1.11799667379
1.22841476207,1.39574714203,1.01844455158,1.11894847697
1.39070074898,1.40170505465,1.01288676963,1.12002389923
2.70906948612,1.40671221751,0.970339037391,1.12092417892
1.62046929275,1.41175930731,1.05277358293,1.12182840026
2.24905428331,1.41685019461,1.01210952605,1.12273719931
1.49663743489,1.42237752154,0.99076567535,1.12372021939
1.40695666855,1.42844734615,0.979703260108,1.12479533005
1.05410759094,1.43505352238,0.989645101096,1.12596026189
1.76513331644,1.4411643312,1.04324065224,1.12703307602
0.858012023414,1.44730285287,0.991472828497,1.12810618522
1.59588050685,1.45269212841,1.02395258568,1.12904456913
1.14030494594,1.45803784879,1.0227821702,1.1299719363
1.14590572495,1.4643450625,1.01445133111,1.13106173933
1.17500245493,1.47074314089,0.982190245437,1.13216245715
0.916410389917,1.4773016076,1.06385443033,1.13328580918
1.41986578114,1.4843343214,1.03456091453,1.13448486389
1.04850681193,1.49155997452,0.979722813732,1.1357109116
1.40989366242,1.49750901246,1.00717075331,1.1367158936
3.24824691908,1.50448955034,1.01309294858,1.13789005041
1.2375672546,1.51117973151,1.06211708175,1.13901026645
1.2040991849,1.51827644528,0.969828829149,1.14019314544
2.70353700929,1.52589225258,0.98058408914,1.14145641214
1.11400860547,1.53271758058,1.00760267113,1.14258321276
1.53871157964,1.53895444909,1.03774629969,1.14360848513
1.40080947207,1.54700053669,1.00610434396,1.14492505242
1.80160668218,1.55409919735,0.974556658371,1.14608092072
1.03955922595,1.56173393742,0.992985767193,1.14731820029
1.50995636058,1.56921465765,1.01068931528,1.14852466664
2.27644345871,1.5763377631,1.02035342504,1.14966812433
1.5215677317,1.58435992374,1.01699057033,1.15094973536
1.36761461111,1.59298844593,1.02578774601,1.15232099459
1.47348299483,1.60090935185,0.997036494459,1.15357327515
1.81212521837,1.60880425778,1.04468195328,1.15481529479
2.45040911893,1.61731695098,1.00920159486,1.15614769355
1.26263415577,1.62581458361,1.0349872568,1.15747075889
1.09064925887,1.63282445758,1.04351661249,1.15855698824
1.05130720143,1.64029323756,1.06500186535,1.15970920903
1.27588477928,1.64927740772,0.979053015233,1.16108828039
2.0432598058,1.65891250207,1.01759865064,1.16255894512
1.53871157964,1.67049908597,0.99410225942,1.1643162074
1.33926920515,1.67972623528,1.07686141196,1.16570693329
1.07166125198,1.68886805682,1.00997663769,1.16707728488
1.09952854266,1.69910401894,1.01153391877,1.16860287223
1.19440027491,1.7093370101,1.02575143872,1.17011885767
1.5884355689,1.71881217589,1.07152185864,1.17151450317
1.47963019131,1.7283357068,1.03373261924,1.17290954135
1.31194833193,1.73860693862,0.988643289607,1.17440551538
1.74020301963,1.74921007069,1.09130689817,1.1759405873
1.54786407217,1.7609435093,1.02104406202,1.17762849119
2.86179316741,1.77137719747,1.02648758525,1.17912000026
1.38086523462,1.7820345038,1.03443002136,1.1806344335
1.1497306472,1.792619528,0.97626809291,1.18212965668
1.72401540224,1.80463967188,1.06504802866,1.18381693396
1.43359451994,1.81576466263,1.01733149179,1.18536857358
1.1920096985,1.8270431471,1.0043919153,1.18693194722
1.43448244832,1.83894951509,0.993715294256,1.18857191813
2.49501044446,1.85233974963,1.00367564795,1.19040363742
1.3225351703,1.86516351139,1.0266887784,1.1921454953
1.54793237435,1.87740104936,1.05074439153,1.19379659466
1.4546998945,1.89178072742,1.02294086695,1.19572301518
1.27458703781,1.90642412321,1.04466078251,1.19766977547
1.5570165647,1.92038051516,1.0153638852,1.19951133474
1.05164871235,1.93406407736,1.02874931672,1.20130394591
1.24228010523,1.95098541402,1.06289443932,1.20350326258
1.15027706466,1.96450947422,1.06627226605,1.2052473533
1.63501765774,1.97919516044,1.04282465358,1.20712770368
1.49595441306,1.99593477103,0.961831314863,1.20925409651
1.57470683011,2.01172050655,0.988725716507,1.21124304538
1.56985737511,2.02872883071,0.97453821211,1.21336864437
1.28599350237,2.04697937838,1.08582815145,1.21562975926
1.01845385139,2.06693457256,1.01756646994,1.21807911051
2.05842289043,2.08525786708,1.01193710693,1.22030742158
1.94114804214,2.10602409824,1.09774495649,1.22280927159
1.5835861139,2.12420042187,1.0354494809,1.22497893423
1.47163883589,2.14336162471,1.01519786992,1.22724614948
1.75659554356,2.16317681896,1.02928184246,1.22956952805
1.41474311741,2.18527040221,1.0000331103,1.23213509056
1.07541787205,2.2086212297,1.0233416963,1.23481860498
0.98286841402,2.23184709458,1.06789611892,1.23745976059
0.934715374973,2.25513241173,0.966220762126,1.2400802287
1.49561290214,2.27716553027,1.07887232524,1.24253498199
1.59499257847,2.30231491295,1.01043723663,1.24530806198
2.42185880642,2.32704125848,0.98351178318,1.24800512055
1.3660436609,2.35022071675,0.980852623106,1.2505075512
1.16994809338,2.3767068623,1.01637260985,1.25333693113
1.49315402355,2.40579881579,0.997091799939,1.25640856648
1.07425673493,2.43804271804,1.04232500926,1.25976989526
1.09952854266,2.46448202544,0.993409455552,1.26249310693
1.63522256428,2.4919292162,0.999107765765,1.26528939505
1.26509303436,2.53087977098,1.00069019108,1.26920521397
2.53606005647,2.56437402951,1.01488241059,1.27252459962
1.54164857351,2.59824103476,1.01018103879,1.27583713245
1.8104176638,2.63288345873,1.01188650604,1.27918113404
1.50319444446,2.66776198219,1.06076330936,1.28250376811
1.07193446071,2.70917467692,1.0261325532,1.2863929125
1.26195113394,2.74830172955,1.03777876669,1.29001317131
1.81977506287,2.79514119359,1.01688770771,1.2942798465
1.79614250754,2.84324372759,1.04522423638,1.29858779676
1.26072169465,2.89151937354,1.02186567188,1.30283858804
1.01360439639,2.94689740628,1.03408507786,1.30762822243
0.965383055161,3.00888378455,1.05750851499,1.312883796
2.08758792259,3.08480336806,0.966396639243,1.31917513439
1.06257706163,3.17076173535,1.01469955499,1.32611411791
1.16079560085,3.24908062066,1.07914595769,1.33227454171
1.05069248178,3.33854212328,1.05591743476,1.3391322827
1.22991741009,3.43821216894,0.965933148419,1.34655941474
1.43755604655,3.54583917362,1.00201968619,1.35434148456
1.17363641127,3.65674494858,1.0453906895,1.36211731995
1.11769692335,3.76747742901,1.01776358003,1.36964919616
1.2685764457,3.89883150997,1.02397489935,1.37830179697
0.8137522088,4.0689926271,1.11695000751,1.38908712939
1.22438493327,4.27371958733,1.04910310272,1.40148085522
2.43469961683,4.47812316182,0.992635805892,1.41327631503
2.64869035631,4.69627471341,1.01477960005,1.42528538891
